{
    "failure_rate": 0.0,
    "num_node_expansions": 598.0181818181818,
    "num_node_expansions_std": 335.45683862236643,
    "plan_length": 16.70909090909091,
    "plan_length_std": 5.826811781513976,
    "search_time": 0.19636363636363632,
    "search_time_std": 0.21497030354204436,
    "success_rate": 1.0,
    "timeout_rate": 0.0,
    "total_time": 0.19636363636363632,
    "total_time_std": 0.21497030354204436
}